{
  "products": [
    {
      "id": 2,
      "title": "GOOGLE PIXEL 4A (JUST BLACK, 6GB RAM, 128GB STORAGE)",
      "image": "https://vlebazaar.in/image/cache/catalog//B08CFSZLQ4/Google-Pixel-4a-Just-Black-6GB-RAM-128GB-Storage-B08CFSZLQ4-1000x1000.jpg"
    },
    {
      "title": "fgdfghdfgh",
      "image": "https://s3.amazonaws.com/images.ecwid.com/images/13261323/808798742.jpg",
      "id": 4
    },
    {
      "title": "samasung",
      "image": "https://i.roamcdn.net/hz/pi/base/d1432109e3feb91f19417ed0cdfdb64c/-/horizon-files-prod/pi/picture/qn7xjpw/a1caa5992accace98b31c4d846f396e1b05069c2.jpeg",
      "id": 5
    },
    {
      "title": "Hp",
      "image": "https://imgs.search.brave.com/S_7FgwpUA-787TFrWHgAc1OCSWZMbGiqxYbDqG_1Bd0/rs:fit:1200:960:1/g:ce/aHR0cHM6Ly9pMS53/cC5jb20vbGFwdG9w/bWVkaWEuY29tL3dw/LWNvbnRlbnQvdXBs/b2Fkcy8yMDE5LzAy/L0hQLVBhdmlsbGlv/bi14MzYwLTE1LWNy/MDAwMC0zLmpwZz9m/aXQ9MTQ0NCUyQzk2/MCZzc2w9MQ",
      "id": 6
    }
  ]
}